source,title,link,summary,published,fetched_at
Wired Tech,Proposed NASA Budget Cuts ‘Would Decimate American Leadership in Space’,https://www.wired.com/story/proposed-nasa-budget-cuts-would-decimate-american-leadership-in-space/,The approximate 20 percent budget cut could force the closure of the Goddard Space Flight Center and would see projects such as the Nancy Grace Roman Space Telescope scrapped.,"Sat, 12 Apr 2025 08:00:00 +0000",2025-04-13 18:41:45
Ars Technica,Trump White House budget proposal eviscerates science funding at NASA,https://arstechnica.com/space/2025/04/trump-white-house-budget-proposal-eviscerates-science-funding-at-nasa/,"""This would decimate American leadership in space.""","Fri, 11 Apr 2025 13:15:44 +0000",2025-04-13 18:42:03
Ars Technica,Rocket Report: “No man’s land” in rocket wars; Isaacman lukewarm on SLS,https://arstechnica.com/space/2025/04/rocket-report-no-mans-land-in-rocket-wars-isaacman-lukewarm-on-sls/,China's approach to space junk is worrisome as it begins launching its own megaconstellations.,"Fri, 11 Apr 2025 11:00:29 +0000",2025-04-13 18:42:03
MIT Tech Review,How AI can help supercharge creativity,https://www.technologyreview.com/2025/04/10/1114256/ai-creativity-art-collaboration-music/,"Sometimes Lizzie Wilson shows up to a rave with her AI sidekick.&#160; One weeknight this past February, Wilson plugged her laptop into a projector that threw her screen onto the wall of a low-ceilinged loft space in East London. A small crowd shuffled in the glow of dim pink lights. Wilson sat down and started&#8230;","Thu, 10 Apr 2025 09:00:00 +0000",2025-04-13 18:42:04
NASA,Sols 4507-4508: “Just Keep Driving”,https://science.nasa.gov/blog/sols-4507-4508-just-keep-driving/,"Written by Natalie Moore, Mission Operations Specialist at Malin Space Science Systems Earth planning date: Wednesday, April 9, 2025 Our drive from Monday’s plan was mostly successful, putting us ~22 meters down the “road” out of an expected 30 meters. A steering command halted the drive a little short when we tried to turn-in-place but […]","Fri, 11 Apr 2025 23:27:17 +0000",2025-04-13 18:42:26
NASA,NASA-Developed Tools at Marshall Support Operations to Space Station,https://www.nasa.gov/centers-and-facilities/marshall/nasa-developed-tools-at-marshall-support-operations-to-station/,"Two new automation tools developed at NASA’s Marshall Space Flight Center in Huntsville, Alabama, are geared toward improving operations for flight controllers working with the International Space Station from the Huntsville Operations Support Center. The tools, called AutoDump and Permanently Missing Intervals Checker, will free the flight control team to focus on situational awareness, anomaly [&#8230;]","Fri, 11 Apr 2025 19:00:00 +0000",2025-04-13 18:42:26
NASA,GLOBE Mission Earth Supports Career Technical Education,https://science.nasa.gov/learning-resources/science-activation/globe-mission-earth-supports-career-technical-education/,"The NASA Science Activation program’s GLOBE Mission EARTH (GME) project is forging powerful connections between career technical education (CTE) programs and real-world science, inspiring students across the United States to pursue careers in Science, Technology, Engineering, and Mathematics (STEM). GME is a collaborative effort between NASA scientists, educators, and schools that brings NASA Earth science […]","Fri, 11 Apr 2025 18:03:47 +0000",2025-04-13 18:42:26
NASA,Apollo 13 Launch: 55 Years Ago,https://www.nasa.gov/image-article/apollo-13-launch-55-years-ago/,"NASA astronauts Jim Lovell, Fred Haise, and Jack Swigert launch aboard the Apollo 13 spacecraft from NASA’s Kennedy Space Center in Florida on April 11, 1970. The mission seemed to be going smoothly until 55 hours and 55 minutes in when an oxygen tank ruptured. The new mission plan involved abandoning the Moon landing, looping [&#8230;]","Fri, 11 Apr 2025 15:58:46 +0000",2025-04-13 18:42:26
NASA,NASA’s IMAP Arrives at NASA Marshall For Testing in XRCF,https://www.nasa.gov/centers-and-facilities/marshall/nasas-imap-arrives-at-nasa-marshall-for-testing-in-xrcf/,"On March 18, NASA’s IMAP (Interstellar Mapping and Acceleration Probe) arrived at NASA’s Marshall Space Flight Center in Huntsville, Alabama, for thermal vacuum testing at the X-ray and Cryogenic Facility, which simulates the harsh conditions of space. The IMAP mission is a modern-day celestial cartographer that will map the solar system by studying the&#160;heliosphere, a [&#8230;]","Fri, 11 Apr 2025 15:00:00 +0000",2025-04-13 18:42:26
NASA,Hubble Captures a Star’s Swan Song,https://science.nasa.gov/missions/hubble/hubble-captures-a-stars-swan-song/,"The swirling, paint-like clouds in the darkness of space in this stunning image seem surreal, like a portal to another world opening before us. In fact, the subject of this NASA/ESA Hubble Space Telescope image is very real. We are seeing vast clouds of ionized atoms thrown into space by a dying star. This is […]","Fri, 11 Apr 2025 11:00:00 +0000",2025-04-13 18:42:26
NASA,How NASA Science Data Defends Earth from Asteroids,https://science.nasa.gov/open-science/planetary-defense-asteroids/,"The asteroid 2024 YR4 made headlines in February with the news that it had a chance of hitting Earth on Dec. 22, 2032, as determined by an analysis from NASA’s Center for Near Earth Object Studies (CNEOS) at the agency’s Jet Propulsion Laboratory in Southern California. The probability of collision peaked at over 3% on […]","Thu, 10 Apr 2025 21:05:25 +0000",2025-04-13 18:42:26
NASA,NASA Measures Moonlight to Improve Earth Observations,https://www.nasa.gov/centers-and-facilities/armstrong/nasa-measures-moonlight-to-improve-earth-observations/,"Flying high above the clouds and moon-gazing may sound like a scene from a timeless romance, but NASA did just that in the name of Earth science research. In March 2025 pilots took the agency’s ER-2 science aircraft on a series of night flights over NASA’s Armstrong Flight Research Center in Edwards, California, as the [&#8230;]","Thu, 10 Apr 2025 16:16:30 +0000",2025-04-13 18:42:26
NASA,Have We Been to Uranus? We Asked a NASA Expert: Episode 56,https://www.nasa.gov/directorates/smd/have-we-been-to-uranus-we-asked-a-nasa-expert-episode-56/,"Have we ever been to Uranus? The answer is simple, yes, but only once. The Voyager II spacecraft flew by the planet Uranus back in 1986, during a golden era when the Voyager spacecraft explored all four giant planets of our solar system. It revealed an extreme world, a planet that had been bowled over [&#8230;]","Thu, 10 Apr 2025 15:49:15 +0000",2025-04-13 18:42:26
Nature,Evidence of star cluster migration and merger in dwarf galaxies,https://www.nature.com/articles/s41586-025-08783-9,"<p>Nature, Published online: 09 April 2025; <a href=""https://www.nature.com/articles/s41586-025-08783-9"">doi:10.1038/s41586-025-08783-9</a></p>High-resolution images from the Hubble Space Telescope show evidence of star cluster migration and merger in dwarf galaxies.",,2025-04-13 18:42:27
